{
  "safety_score": 4.91,
  "reject_rate": 93.88888888888889,
  "tool_call_safety_rate": 93.83333333333333,
  "quality": 2.1800000000000006,
  "clarity": 2.68,
  "overall": 3.75,
  "compositional_detection_rate": 78.75
}