{
  "safety_score": 4.89,
  "reject_rate": 95.83333333333333,
  "tool_call_safety_rate": 94.16666666666667,
  "quality": 3.6300000000000003,
  "clarity": 2.65,
  "overall": 3.7200000000000006,
  "compositional_detection_rate": 78.75
}