{
  "safety_score": 3.42,
  "reject_rate": 0.0,
  "tool_call_safety_rate": 78.11244979919678,
  "quality": 2.8399999999999994,
  "clarity": 2.4999999999999996,
  "overall": 2.96,
  "compositional_detection_rate": 15.0
}