{
  "safety_score": 4.89,
  "reject_rate": 93.05555555555556,
  "tool_call_safety_rate": 92.5,
  "quality": 3.72,
  "clarity": 2.65,
  "overall": 3.7200000000000006,
  "compositional_detection_rate": 78.75
}