{
  "safety_score": 4.89,
  "reject_rate": 91.11111111111111,
  "tool_call_safety_rate": 89.33333333333333,
  "quality": 3.6900000000000004,
  "clarity": 2.65,
  "overall": 3.7200000000000006,
  "compositional_detection_rate": 75.0
}