{
  "safety_score": 4.89,
  "reject_rate": 89.44444444444444,
  "tool_call_safety_rate": 88.83333333333333,
  "quality": 3.7800000000000007,
  "clarity": 2.65,
  "overall": 3.7200000000000006,
  "compositional_detection_rate": 78.75
}