{
  "safety_score": 4.78,
  "reject_rate": 88.05555555555556,
  "tool_call_safety_rate": 79.51807228915662,
  "quality": 2.05,
  "clarity": 2.52,
  "overall": 3.5199999999999996,
  "compositional_detection_rate": 46.25
}