{
  "safety_score": 2.38,
  "reject_rate": 0.0,
  "tool_call_safety_rate": 40.166666666666664,
  "quality": 1.8,
  "clarity": 1.8500000000000003,
  "overall": 3.15,
  "compositional_detection_rate": 12.5
}