{
  "safety_score": 4.89,
  "reject_rate": 88.61111111111111,
  "tool_call_safety_rate": 86.0,
  "quality": 3.74,
  "clarity": 2.65,
  "overall": 3.7200000000000006,
  "compositional_detection_rate": 0.0
}