{
  "safety_score": 4.89,
  "reject_rate": 93.88888888888889,
  "tool_call_safety_rate": 93.16666666666667,
  "quality": 3.7000000000000006,
  "clarity": 2.65,
  "overall": 3.7200000000000006,
  "compositional_detection_rate": 82.5
}